Workbook

Sheet Project Overview
A1: Project Overview
A2: Project Title | B2: Students Gradebook
A3: Description | B3: Tracks student academic performance using Excel,
B4: Includes student details, subjects, and marks,
B5: Calculates grades, averages, and performance summaries,
B6: Visual dashboard shows:
B7: Top-performing students,
B8: Subject-wise averages,
B9: Overall pass rates.
A11: Key Features | B11: Cell referencing: =Sheet!A1,
B12: Formulas used: SUM, MAX, MIN, AVERAGEIF, COUNTIF, LARGE, INDEX-MATCH,
B13: Data visualization: Pie Charts and Column Charts,
B14: Dynamic averages using AVERAGEIF,
B15: Auto grade classification with IF statements,
B16: Conditional formatting for quick performance insights,
B17: Subject-wise and student-wise charts.
A19: Insights Genereated | B19: Highlights top 5 performers,
B20: Shows subject-wise averages,
B21: Analyzes pass/fail rates and trends,
B22: Enables quick academic evaluation.

Sheet Dashboard
A1: Student Gradebook Dashboard
A2: Performance Overview 2082 BS
A4: Average Marks | C4: Highest Marks | E4: Lowest Marks | G4: Students Passed
A5: ='Grade Data'!H8 -> 66.56 | C5: ='Grade Data'!I8 -> 99 | E5: ='Grade Data'!J8 -> 4 | G5: ='Grade Data'!K8 -> 46
A8: Student Performance Summary | F8: Top 3 Students
A10: Name | B10: Subject | C10: Marks | D10: Grade
A11: =INDEX('Grade Data'!$B:$B, MATCH(LARGE('Grade Data'!$D:$D, 1), 'Grade Data'!$D:$D, 0)) -> Penny Lucas | B11: =INDEX('Grade Data'!C:C, MATCH(LARGE('Grade Data'!D:D, 1), 'Grade Data'!$D:$D, 0)) -> Math | C11: =LARGE('Grade Data'!$D:$D, 1) -> 99 | D11: =INDEX('Grade Data'!F:F, MATCH(LARGE('Grade Data'!D:D, 1), 'Grade Data'!$D:$D, 0)) -> A+
A12: =INDEX('Grade Data'!$B:$B, MATCH(LARGE('Grade Data'!$D:$D, 2), 'Grade Data'!$D:$D, 0)) -> Alicia Kennedy | B12: =INDEX('Grade Data'!C:C, MATCH(LARGE('Grade Data'!D:D, 2), 'Grade Data'!$D:$D, 0)) -> English | C12: =LARGE('Grade Data'!$D:$D, 2) -> 95 | D12: =INDEX('Grade Data'!F:F, MATCH(LARGE('Grade Data'!D:D, 2), 'Grade Data'!$D:$D, 0)) -> A+
A13: =INDEX('Grade Data'!$B:$B, MATCH(LARGE('Grade Data'!$D:$D, 3), 'Grade Data'!$D:$D, 0)) -> Zaina Gates | B13: =INDEX('Grade Data'!C:C, MATCH(LARGE('Grade Data'!D:D, 3), 'Grade Data'!$D:$D, 0)) -> Social | C13: =LARGE('Grade Data'!$D:$D, 3) -> 90 | D13: =INDEX('Grade Data'!F:F, MATCH(LARGE('Grade Data'!D:D, 3), 'Grade Data'!$D:$D, 0)) -> A+
A14: =INDEX('Grade Data'!$B:$B, MATCH(LARGE('Grade Data'!$D:$D, 4), 'Grade Data'!$D:$D, 0)) -> Isla Lamb | B14: =INDEX('Grade Data'!C:C, MATCH(LARGE('Grade Data'!D:D, 4), 'Grade Data'!$D:$D, 0)) -> Math | C14: =LARGE('Grade Data'!$D:$D, 4) -> 89 | D14: =INDEX('Grade Data'!F:F, MATCH(LARGE('Grade Data'!D:D, 4), 'Grade Data'!$D:$D, 0)) -> A
A15: =INDEX('Grade Data'!$B:$B, MATCH(LARGE('Grade Data'!$D:$D, 5), 'Grade Data'!$D:$D, 0)) -> Kristina Rogers | B15: =INDEX('Grade Data'!C:C, MATCH(LARGE('Grade Data'!E:E, 5), 'Grade Data'!E:E, 0)) -> Math | C15: =LARGE('Grade Data'!$D:$D, 5) -> 86 | D15: =INDEX('Grade Data'!F:F, MATCH(LARGE('Grade Data'!D:D,5), 'Grade Data'!$D:$D, 0)) -> A
A17: Subject-Wise Average
F23: Insights Section
F24: 80% of students passed. “Math” had the highest average marks (73.9). “Science” was the lowest-performing subject. “Penny” achieved top performance.

Sheet Grade Data
A1: Stu. ID | B1: Full Name | C1: Subject | D1: Marks | E1: Full Marks | F1: Grade
A2: S01 | B2: Random Names | C2: Math | D2: 74 | E2: 100 | F2: =IF(D2>=90,"A+",IF(D2>=80,"A",IF(D2>=70,"B+",IF(D2>=60,"B",IF(D2>=50,"C+",IF(D2>=40,"C",IF(D2>=35,"D","NG"))))))) -> B+
A3: S02 | B3: Hamza Horton | C3: Science | D3: 78 | E3: 100 | F3: =IF(D3>=90,"A+",IF(D3>=80,"A",IF(D3>=70,"B+",IF(D3>=60,"B",IF(D3>=50,"C+",IF(D3>=40,"C",IF(D3>=35,"D","NG"))))))) -> B+
A4: S03 | B4: Zayn Garner | C4: English | D4: 64 | E4: 100 | F4: =IF(D4>=90,"A+",IF(D4>=80,"A",IF(D4>=70,"B+",IF(D4>=60,"B",IF(D4>=50,"C+",IF(D4>=40,"C",IF(D4>=35,"D","NG"))))))) -> B
A5: S04 | B5: Luke Gibbs | C5: Social | D5: 75 | E5: 100 | F5: =IF(D5>=90,"A+",IF(D5>=80,"A",IF(D5>=70,"B+",IF(D5>=60,"B",IF(D5>=50,"C+",IF(D5>=40,"C",IF(D5>=35,"D","NG"))))))) -> B+
A6: S05 | B6: Barbara Robertson | C6: Nepali | D6: 57 | E6: 100 | F6: =IF(D6>=90,"A+",IF(D6>=80,"A",IF(D6>=70,"B+",IF(D6>=60,"B",IF(D6>=50,"C+",IF(D6>=40,"C",IF(D6>=35,"D","NG"))))))) -> C+ | H6: Calculations
A7: S06 | B7: Penny Lucas | C7: Math | D7: 99 | E7: 100 | F7: =IF(D7>=90,"A+",IF(D7>=80,"A",IF(D7>=70,"B+",IF(D7>=60,"B",IF(D7>=50,"C+",IF(D7>=40,"C",IF(D7>=35,"D","NG"))))))) -> A+ | H7: Average Marks | I7: Highest Marks | J7: Lowest Marks | K7: Students Passed
A8: S07 | B8: Olivier Mcbride | C8: Science | D8: 82 | E8: 100 | F8: =IF(D8>=90,"A+",IF(D8>=80,"A",IF(D8>=70,"B+",IF(D8>=60,"B",IF(D8>=50,"C+",IF(D8>=40,"C",IF(D8>=35,"D","NG"))))))) -> A | H8: =AVERAGE(D2:D51) -> 66.56 | I8: =MAX(D2:D51) -> 99 | J8: =MIN(D:D) -> 4 | K8: =COUNTIF(D:D, ">= 35") -> 46
A9: S08 | B9: Nikita Davila | C9: English | D9: 65 | E9: 100 | F9: =IF(D9>=90,"A+",IF(D9>=80,"A",IF(D9>=70,"B+",IF(D9>=60,"B",IF(D9>=50,"C+",IF(D9>=40,"C",IF(D9>=35,"D","NG"))))))) -> B
A10: S09 | B10: Chad Baxter | C10: Social | D10: 64 | E10: 100 | F10: =IF(D10>=90,"A+",IF(D10>=80,"A",IF(D10>=70,"B+",IF(D10>=60,"B",IF(D10>=50,"C+",IF(D10>=40,"C",IF(D10>=35,"D","NG"))))))) -> B | H10: Subject - Wise Average
A11: S10 | B11: Dawud Watts | C11: Nepali | D11: 64 | E11: 100 | F11: =IF(D11>=90,"A+",IF(D11>=80,"A",IF(D11>=70,"B+",IF(D11>=60,"B",IF(D11>=50,"C+",IF(D11>=40,"C",IF(D11>=35,"D","NG"))))))) -> B | H11: Subject | I11: Average Marks
A12: S11 | B12: Isla Lamb | C12: Math | D12: 89 | E12: 100 | F12: =IF(D12>=90,"A+",IF(D12>=80,"A",IF(D12>=70,"B+",IF(D12>=60,"B",IF(D12>=50,"C+",IF(D12>=40,"C",IF(D12>=35,"D","NG"))))))) -> A | H12: English | I12: =AVERAGEIF($C:$C, H12, $D:$D) -> 63.9
A13: S12 | B13: Shelby Greene | C13: Science | D13: 15 | E13: 100 | F13: =IF(D13>=90,"A+",IF(D13>=80,"A",IF(D13>=70,"B+",IF(D13>=60,"B",IF(D13>=50,"C+",IF(D13>=40,"C",IF(D13>=35,"D","NG"))))))) -> NG | H13: Math | I13: =AVERAGEIF($C:$C, H13, $D:$D) -> 73.9
A14: S13 | B14: Alicia Kennedy | C14: English | D14: 95 | E14: 100 | F14: =IF(D14>=90,"A+",IF(D14>=80,"A",IF(D14>=70,"B+",IF(D14>=60,"B",IF(D14>=50,"C+",IF(D14>=40,"C",IF(D14>=35,"D","NG"))))))) -> A+ | H14: Nepali | I14: =AVERAGEIF($C:$C, H14, $D:$D) -> 65.6
A15: S14 | B15: Zaina Gates | C15: Social | D15: 90 | E15: 100 | F15: =IF(D15>=90,"A+",IF(D15>=80,"A",IF(D15>=70,"B+",IF(D15>=60,"B",IF(D15>=50,"C+",IF(D15>=40,"C",IF(D15>=35,"D","NG"))))))) -> A+ | H15: Science | I15: =AVERAGEIF($C:$C, H15, $D:$D) -> 57.4
A16: S15 | B16: Philip Bernard | C16: Nepali | D16: 55 | E16: 100 | F16: =IF(D16>=90,"A+",IF(D16>=80,"A",IF(D16>=70,"B+",IF(D16>=60,"B",IF(D16>=50,"C+",IF(D16>=40,"C",IF(D16>=35,"D","NG"))))))) -> C+ | H16: Social | I16: =AVERAGEIF($C:$C, H16, $D:$D) -> 72
A17: S16 | B17: Miah Duke | C17: Math | D17: 76 | E17: 100 | F17: =IF(D17>=90,"A+",IF(D17>=80,"A",IF(D17>=70,"B+",IF(D17>=60,"B",IF(D17>=50,"C+",IF(D17>=40,"C",IF(D17>=35,"D","NG"))))))) -> B+
A18: S17 | B18: Cindy Velez | C18: Science | D18: 64 | E18: 100 | F18: =IF(D18>=90,"A+",IF(D18>=80,"A",IF(D18>=70,"B+",IF(D18>=60,"B",IF(D18>=50,"C+",IF(D18>=40,"C",IF(D18>=35,"D","NG"))))))) -> B
A19: S18 | B19: Hugo Lindsey | C19: English | D19: 65 | E19: 100 | F19: =IF(D19>=90,"A+",IF(D19>=80,"A",IF(D19>=70,"B+",IF(D19>=60,"B",IF(D19>=50,"C+",IF(D19>=40,"C",IF(D19>=35,"D","NG"))))))) -> B
A20: S19 | B20: Raheem Clay | C20: Social | D20: 58 | E20: 100 | F20: =IF(D20>=90,"A+",IF(D20>=80,"A",IF(D20>=70,"B+",IF(D20>=60,"B",IF(D20>=50,"C+",IF(D20>=40,"C",IF(D20>=35,"D","NG"))))))) -> C+
A21: S20 | B21: Aled Peterson | C21: Nepali | D21: 80 | E21: 100 | F21: =IF(D21>=90,"A+",IF(D21>=80,"A",IF(D21>=70,"B+",IF(D21>=60,"B",IF(D21>=50,"C+",IF(D21>=40,"C",IF(D21>=35,"D","NG"))))))) -> A
A22: S21 | B22: Astrid Vega | C22: Math | D22: 30 | E22: 100 | F22: =IF(D22>=90,"A+",IF(D22>=80,"A",IF(D22>=70,"B+",IF(D22>=60,"B",IF(D22>=50,"C+",IF(D22>=40,"C",IF(D22>=35,"D","NG"))))))) -> NG
A23: S22 | B23: Safwan Daniels | C23: Science | D23: 76 | E23: 100 | F23: =IF(D23>=90,"A+",IF(D23>=80,"A",IF(D23>=70,"B+",IF(D23>=60,"B",IF(D23>=50,"C+",IF(D23>=40,"C",IF(D23>=35,"D","NG"))))))) -> B+
A24: S23 | B24: Ishaan Olson | C24: English | D24: 58 | E24: 100 | F24: =IF(D24>=90,"A+",IF(D24>=80,"A",IF(D24>=70,"B+",IF(D24>=60,"B",IF(D24>=50,"C+",IF(D24>=40,"C",IF(D24>=35,"D","NG"))))))) -> C+
A25: S24 | B25: Alexa Montes | C25: Social | D25: 58 | E25: 100 | F25: =IF(D25>=90,"A+",IF(D25>=80,"A",IF(D25>=70,"B+",IF(D25>=60,"B",IF(D25>=50,"C+",IF(D25>=40,"C",IF(D25>=35,"D","NG"))))))) -> C+
A26: S25 | B26: Jose Carney | C26: Nepali | D26: 79 | E26: 100 | F26: =IF(D26>=90,"A+",IF(D26>=80,"A",IF(D26>=70,"B+",IF(D26>=60,"B",IF(D26>=50,"C+",IF(D26>=40,"C",IF(D26>=35,"D","NG"))))))) -> B+
A27: S26 | B27: Kristina Rogers | C27: Math | D27: 86 | E27: 100 | F27: =IF(D27>=90,"A+",IF(D27>=80,"A",IF(D27>=70,"B+",IF(D27>=60,"B",IF(D27>=50,"C+",IF(D27>=40,"C",IF(D27>=35,"D","NG"))))))) -> A
A28: S27 | B28: Murray Henderson | C28: Science | D28: 66 | E28: 100 | F28: =IF(D28>=90,"A+",IF(D28>=80,"A",IF(D28>=70,"B+",IF(D28>=60,"B",IF(D28>=50,"C+",IF(D28>=40,"C",IF(D28>=35,"D","NG"))))))) -> B
... A51: S50 | B51: Nabil Le | C51: Nepali | D51: 76 | E51: 100 | F51: =IF(D51>=90,"A+",IF(D51>=80,"A",IF(D51>=70,"B+",IF(D51>=60,"B",IF(D51>=50,"C+",IF(D51>=40,"C",IF(D51>=35,"D","NG"))))))) -> B+
